{
	"system" : {
		"platform" : "windows64",
		"os_name" : "Windows 10",
		"os_version" : "10.0"
	},
	"error" : {
		"executable" : "quartus",
		"comment" : "not_applicable",
		"error_message" : "Access Violation at 0X00007FFD941C013E",
		"source_file" : "unknown",
		"line" : "0",
		"stack_trace" : "\t0x7ffd941c013d: CCL_MSG + 0x5013d (?write_message@MSG_REPORT_FILE@@QEAA_NPEAVMSG_POST@@@Z + 0x4d)\n\t0x7ffd70bf6aae: SYS_QUI + 0x16aae (?save_msg@QUI_DISPLAY@@QEAAXAEBVFIO_PATH@@@Z + 0x18e)\n\t0x7ffd70c14b53: SYS_QUI + 0x34b53 (?qui_save_pro_msg@@YAXXZ + 0x2e3)\n\t0x7ffd70c0a527: SYS_QUI + 0x2a527 (?flow_starting_setup@QUI_FRAME_WND@@QEAA_NW4FSTR_FLOW_ENUM@@_N@Z + 0x77)\n\t0x7ffd70bf2911: SYS_QUI + 0x12911 (?start_flow@QUI_APP@@QEAA_NW4FSTR_FLOW_ENUM@@AEBV?$basic_string@DU?$char_traits@D@std@@V?$allocator@D@2@@std@@_N22@Z + 0x51)\n\t0x7ffd70c2eda8: SYS_QUI + 0x4eda8 (?start_map_action@QUI_PROCESSING_MENU@@UEAAXXZ + 0x98)\n\t 0x6d3fd1f0: QtCore4 + 0x11d1f0 (?activate@QMetaObject@@SAXPEAVQObject@@PEBU1@HPEAPEAX@Z + 0x520)\n\t 0x6d5da2cf: QtGui4 + 0xa2cf (?activate@QAction@@QEAAXW4ActionEvent@1@@Z + 0xdf)\n\t 0x6d5dbe99: QtGui4 + 0xbe99 (?event@QAction@@MEAA_NPEAVQEvent@@@Z + 0xa9)\n\t 0x6d5f2f95: QtGui4 + 0x22f95 (?notify_helper@QApplicationPrivate@@QEAA_NPEAVQObject@@PEAVQEvent@@@Z + 0xf5)\n\t 0x6d5f2c2f: QtGui4 + 0x22c2f (?notify@QApplication@@UEAA_NPEAVQObject@@PEAVQEvent@@@Z + 0x17bf)\n\t 0x6d3ee67b: QtCore4 + 0x10e67b (?notifyInternal@QCoreApplication@@AEAA_NPEAVQObject@@PEAVQEvent@@@Z + 0x7b)\n\t 0x6d61fb52: QtGui4 + 0x4fb52 (??9QKeySequence@@QEBA_NAEBV0@@Z + 0xdc2)\n\t 0x6d621017: QtGui4 + 0x51017 (?setModifiers@QInputEvent@@QEAAXV?$QFlags@W4KeyboardModifier@Qt@@@@@Z + 0x437)\n\t 0x6d5f1806: QtGui4 + 0x21806 (?notify@QApplication@@UEAA_NPEAVQObject@@PEAVQEvent@@@Z + 0x396)\n\t 0x6d3ee67b: QtCore4 + 0x10e67b (?notifyInternal@QCoreApplication@@AEAA_NPEAVQObject@@PEAVQEvent@@@Z + 0x7b)\n\t 0x6d66cc34: QtGui4 + 0x9cc34 (?qt_translateKeyCode@@YAHH@Z + 0x204)\n\t 0x6d66dc87: QtGui4 + 0x9dc87 (?qt_translateKeyCode@@YAHH@Z + 0x1257)\n\t 0x6d659a9e: QtGui4 + 0x89a9e (?winMouseButtonUp@QApplication@@SAXXZ + 0x1e9e)\n\t0x7ffdae1982e0: USER32 + 0x182e0 (DispatchMessageW + 0x740)\n\t0x7ffdae197da0: USER32 + 0x17da0 (DispatchMessageW + 0x200)\n\t 0x6d413982: QtCore4 + 0x133982 (?processEvents@QEventDispatcherWin32@@UEAA_NV?$QFlags@W4ProcessEventsFlag@QEventLoop@@@@@Z + 0x3e2)\n\t 0x6d652074: QtGui4 + 0x82074 (?openPopup@QApplicationPrivate@@QEAAXPEAVQWidget@@@Z + 0x204)\n\t 0x6d3eb5db: QtCore4 + 0x10b5db (?exec@QEventLoop@@QEAAHV?$QFlags@W4ProcessEventsFlag@QEventLoop@@@@@Z + 0x22b)\n\t 0x6d3edbbf: QtCore4 + 0x10dbbf (?exec@QCoreApplication@@SAHXZ + 0xdf)\n\t0x7ff697e5198b: quartus + 0x198b (?qgq_main@@YAHHPEAPEBD@Z + 0x8b)\n\t0x7ffd94183258: CCL_MSG + 0x13258 (?msg_main_thread@@YAPEAXPEAX@Z + 0x18)\n\t0x7ffd94184a5e: CCL_MSG + 0x14a5e (?msg_thread_wrapper@@YAPEAXP6APEAXPEAX@Z0@Z + 0x6e)\n\t0x7ffd94296af0: ccl_mem + 0x16af0 (?mem_thread_wrapper@@YAPEAXP6APEAXPEAX@Z0@Z + 0x70)\n\t0x7ffd94182af1: CCL_MSG + 0x12af1 (?msg_exe_main@@YAHHPEAPEBDP6AHH0@Z@Z + 0xa1)\n\t0x7ff697e52777: quartus + 0x2777 (WinMain + 0x127)\n\t0x7ff697e51f40: quartus + 0x1f40 (__tmainCRTStartup + 0x148)\n\t0x7ffdaedd257c: KERNEL32 + 0x1257c (BaseThreadInitThunk + 0x1c)\n\t0x7ffdaf26af27: ntdll + 0x5af27 (RtlUserThreadStart + 0x27)\n",
		"subsystem" : "unknown"
	},
	"quartus" : {
		"quartus_bits" : "64",
		"version" : "20.1.1",
		"build" : "720",
		"edition" : "Lite Edition"
	}
}